,price,discount,review_count,quantity_sold,rate_shop,shop_follow,count_code,rating_avarage
0,209.000 ₫,-23%,1138,5000+,4.7,479129,1,0
1,110.000 ₫,-13%,1271,5000+,4.7,479129,1,0
2,39.000 ₫,-48%,521,5000+,4.5,3276,7,0
3,170.000 ₫,-25%,1622,5000+,4.7,479129,1,0
4,638.000 ₫,-24%,350,1566,4.7,479129,1,0
5,69.000 ₫,-42%,614,2687,4.5,3276,8,0
6,16.800 ₫,0,41,606,0.0,0,0,0
7,62.000 ₫,0,9,175,4.7,794,1,0
8,92.000 ₫,-16%,142,851,4.7,581,4,0
9,238.000 ₫,0,89,495,4.7,479129,1,0
10,122.000 ₫,-32%,269,1927,4.8,277,1,0
11,125.000 ₫,0,205,1399,4.7,739,1,4.7
12,362.000 ₫,-10%,1287,5000+,4.8,5222,2,4.8
13,71.000 ₫,-4%,23,201,4.7,479129,1,5
14,86.000 ₫,-22%,352,2040,4.6,3379,2,4.7
15,149.000 ₫,0,246,1592,0.0,0,0,4.7
16,25.000 ₫,0,384,5000+,0.0,0,0,0
17,362.000 ₫,-10%,261,1206,4.8,5222,2,4.9
18,109.000 ₫,-27%,53,531,4.7,543,5,4.9
19,164.500 ₫,0,0,5,4.7,645,4,0
20,23.750 ₫,-5%,88,755,4.5,400,3,4.2
21,139.000 ₫,-41%,357,1447,4.5,3276,8,0
22,22.000 ₫,0,142,1178,4.7,1945,0,4.9
23,66.000 ₫,0,0,4,4.2,479,2,0
24,90.000 ₫,-3%,121,987,4.7,479129,1,4.9
25,157.000 ₫,-13%,13,73,4.7,479129,1,4.8
26,117.000 ₫,-8%,375,4041,4.7,479129,1,4.9
27,74.000 ₫,-5%,509,5000+,4.7,479129,1,4.8
28,18.000 ₫,-22%,63,3687,4.7,110,2,0
29,16.800 ₫,0,27,492,4.6,362,0,4.8
30,90.100 ₫,-3%,204,1150,4.7,479129,1,4.8
31,372.000 ₫,-5%,121,560,4.8,5222,2,4.9
32,95.000 ₫,-4%,74,535,4.4,1024,4,4.3
33,36.996 ₫,0,86,997,4.0,214,0,4.4
34,195.000 ₫,-43%,14,103,4.7,543,5,4.7
35,52.000 ₫,0,56,631,4.2,479,2,4.2
36,109.000 ₫,-27%,57,586,4.7,543,5,4.9
37,213.000 ₫,-21%,26,190,4.7,479129,1,4.9
38,801.900 ₫,-1%,0,6,4.5,1331,4,0
39,115.000 ₫,0,52,494,4.7,1228,1,4.5
40,90.100 ₫,-3%,138,1132,4.7,479129,1,4.9
41,45.000 ₫,-49%,292,2547,4.6,3379,2,4.7
42,155.000 ₫,-14%,34,206,4.7,110,3,4.8
43,47.800 ₫,-20%,24,174,4.4,273,1,4.1
44,6.500 ₫,0,70,2265,4.5,569,0,4.4
45,135.000 ₫,0,2,40,4.5,18,1,4.5
46,75.000 ₫,0,177,1573,4.4,333,2,0
47,208.000 ₫,-17%,2691,5000+,4.7,479129,1,4.8
48,196.000 ₫,0,10,71,4.6,698,2,4.1
49,195.000 ₫,0,49,192,4.6,318,1,4.8
50,48.000 ₫,0,5,83,4.2,2867,2,4.6
51,79.000 ₫,-17%,48,265,4.6,71,9,0
52,9.405 ₫,0,149,1946,4.7,1945,0,4.7
53,45.000 ₫,-49%,116,788,4.6,3379,2,4.7
54,300.009 ₫,-50%,315,1564,4.7,645,4,4.7
55,71.000 ₫,-7%,197,1578,4.7,479129,1,4.9
56,60.000 ₫,0,13,123,4.7,794,1,4.6
57,168.000 ₫,-23%,147,1020,4.7,479129,1,4.9
58,150.000 ₫,-17%,174,923,4.5,58,2,0
59,139.000 ₫,-34%,9,9,4.5,2,5,0
60,29.000 ₫,-28%,58,822,4.7,479129,0,4.9
61,45.500 ₫,-20%,2,8,4.4,273,1,4
62,124.998 ₫,-38%,1,2,4.5,17,3,5
63,92.000 ₫,-7%,1,3,4.2,479,2,5
64,40.000 ₫,0,19,110,4.3,3584,1,4.8
65,347.992 ₫,0,0,2,4.7,645,4,0
66,159.999 ₫,0,17,74,4.3,259,2,4.9
67,158.000 ₫,-21%,25,258,4.7,1638,1,4.8
68,99.000 ₫,-23%,9,9,4.5,2,5,5
69,48.000 ₫,0,21,283,4.7,794,1,4
70,149.000 ₫,-24%,9,9,4.5,2,5,0
71,99.000 ₫,-21%,9,9,4.5,2,5,5
72,143.750 ₫,-16%,9,64,4.5,206,2,3.7
73,38.998 ₫,0,0,4,4.2,2867,1,0
74,219.000 ₫,-24%,11,60,4.7,543,5,4.9
75,35.000 ₫,-30%,86,765,4.5,632,0,4.5
76,136.000 ₫,-38%,2,19,4.5,17,3,5
77,75.000 ₫,-17%,26,425,4.7,110,3,0
78,104.900 ₫,0,45,315,4.6,153,1,4.9
79,137.500 ₫,0,2,8,4.7,645,4,5
80,75.000 ₫,-40%,50,271,4.5,3276,8,4.6
81,134.000 ₫,-11%,264,1212,4.7,53,4,4.7
82,148.000 ₫,-1%,127,1915,4.5,58,2,4.5
83,88.000 ₫,0,376,5000+,4.6,153,1,4.8
84,69.000 ₫,-47%,47,242,4.6,71,9,4.7
85,295.000 ₫,0,112,529,4.7,339,2,4.8
86,199.000 ₫,0,18,75,4.6,698,2,4.6
87,103.000 ₫,0,42,262,4.6,153,1,4.9
88,90.100 ₫,-3%,11,128,4.7,479129,1,5
89,16.900 ₫,-16%,7,8,4.5,400,3,5
90,129.000 ₫,-23%,9,42,0.0,0,0,4.9
91,198.000 ₫,-17%,908,5000+,0.0,0,0,4.8
92,97.999 ₫,0,3,43,0.0,0,0,5
93,156.000 ₫,-22%,33,333,0.0,0,0,4.8
94,181.000 ₫,0,16,86,0.0,0,0,4.9
95,497.091 ₫,0,0,0,0.0,0,0,0
96,105.000 ₫,-20%,24,237,4.8,277,1,4.8
97,67.000 ₫,-32%,111,1132,4.8,277,1,4.6
98,44.000 ₫,-10%,59,699,4.7,581,3,4.4
99,99.000 ₫,0,31,226,4.6,31,2,4.6
100,15.000 ₫,0,0,0,4.2,479,1,0
101,39.000 ₫,0,198,1578,0.0,0,0,4.7
102,145.000 ₫,-24%,20,120,0.0,0,0,4.8
103,125.000 ₫,-4%,11,101,0.0,0,0,4.8
104,139.000 ₫,-18%,74,492,0.0,28,2,0
105,60.000 ₫,-25%,46,438,0.0,0,0,0
106,264.000 ₫,-38%,3,10,4.5,17,3,4.7
107,105.000 ₫,-41%,307,1908,4.9,1433,3,4.8
108,267.999 ₫,-45%,20,125,4.7,88,3,5
109,139.000 ₫,-18%,583,4316,4.6,2252,5,4.6
110,320.000 ₫,0,10,40,4.7,37,1,4.8
111,35.399 ₫,0,0,1,4.2,2867,1,0
112,59.000 ₫,0,0,33,4.2,479,2,0
113,155.220 ₫,-22%,6,18,4.8,2662,2,5
114,152.000 ₫,-11%,16,113,4.4,493,4,0
115,98.000 ₫,-29%,69,442,0.0,0,0,4.8
116,67.000 ₫,0,83,787,0.0,0,0,4.8
117,199.000 ₫,-20%,13,55,4.7,581,4,0
118,64.350 ₫,-1%,9,83,0.0,0,0,3.4
119,87.100 ₫,-7%,6,52,0.0,0,0,0
120,160.000 ₫,0,2,21,4.7,37,1,5
121,280.000 ₫,-38%,0,10,0.0,0,0,0
122,58.999 ₫,0,129,717,4.3,994,4,4.7
123,499.000 ₫,-50%,136,518,4.7,645,5,4.8
124,115.000 ₫,-23%,19,114,4.7,543,5,0
125,11.990 ₫,0,34,1014,4.2,1331,3,0
126,119.000 ₫,-6%,671,4970,4.7,479129,1,0
127,117.500 ₫,0,0,1,4.7,645,4,0
128,70.000 ₫,0,15,144,4.5,6,1,4.5
129,372.982 ₫,0,0,3,4.7,645,4,0
130,22.000 ₫,-31%,95,1692,4.7,581,3,4.3
131,54.000 ₫,0,60,761,4.0,214,1,4.3
132,44.000 ₫,-10%,51,476,4.7,581,3,4.7
133,22.000 ₫,0,1,53,3.9,76,0,4
134,30.500 ₫,0,10,43,4.4,741,0,5
135,99.750 ₫,-5%,5,9,4.5,400,4,5
136,54.000 ₫,0,89,597,4.8,408,1,4.7
137,98.000 ₫,0,8,27,4.3,259,1,4.5
138,380.000 ₫,-24%,93,470,4.8,291,2,4.8
139,15.000 ₫,0,0,4,4.2,479,1,0
140,99.000 ₫,-46%,33,147,0.0,0,0,4.5
141,29.000 ₫,0,76,1210,4.8,408,0,4.8
142,287.500 ₫,0,0,0,4.7,645,4,0
143,396.000 ₫,0,3,2,4.7,645,4,0
144,115.000 ₫,-23%,15,107,4.7,543,5,4.4
145,105.000 ₫,0,1,2,0.0,0,0,4
146,59.000 ₫,0,15,173,4.3,851,4,4.6
147,180.000 ₫,0,26,197,4.4,2,1,4.5
148,697.998 ₫,-45%,0,2,4.7,88,3,0
149,185.000 ₫,0,11,103,4.5,1740,1,4.7
150,459.981 ₫,0,20,92,4.6,216,1,4.8
151,119.000 ₫,-30%,6,25,4.7,543,5,4.7
152,153.000 ₫,0,0,0,4.7,645,4,0
153,98.000 ₫,-42%,10,42,4.5,172,2,4.3
154,40.000 ₫,0,21,180,4.6,1228,3,4.5
155,199.000 ₫,0,106,634,4.7,1638,1,4.9
156,120.000 ₫,-20%,40,224,4.7,581,4,4.9
157,145.000 ₫,0,32,178,4.7,416,1,4.7
158,158.000 ₫,-21%,79,368,4.8,291,2,4.9
159,96.900 ₫,0,53,548,4.4,17,1,4.5
160,46.000 ₫,-16%,49,423,4.7,581,4,4.6
161,44.000 ₫,-10%,90,1649,4.7,581,3,4.5
162,40.000 ₫,0,32,355,4.2,1331,3,4.2
163,86.000 ₫,-39%,9,283,0.0,0,0,5
164,349.000 ₫,-5%,8,50,4.9,522,3,0
165,157.000 ₫,-13%,13,73,4.7,479129,1,4.8
166,110.000 ₫,0,59,388,4.5,1740,3,0
167,585.501 ₫,0,0,0,4.7,645,4,0
168,226.000 ₫,-3%,6,56,4.7,479129,1,4.8
169,87.000 ₫,0,12,134,4.5,182,1,4.8
170,314.291 ₫,0,143,627,4.7,645,4,0
171,800.000 ₫,0,1,19,4.6,333,2,5
172,48.500 ₫,0,2,30,3.8,11,1,4.5
173,78.000 ₫,-29%,17,209,4.7,135,1,4.6
174,88.000 ₫,-20%,31,275,4.7,581,4,5
175,79.000 ₫,-46%,54,368,4.5,3276,8,4.6
176,339.000 ₫,-50%,75,307,4.7,645,4,4.7
177,129.888 ₫,-42%,0,3,4.5,17,3,0
178,58.000 ₫,-6%,143,912,4.4,1024,4,0
179,19.000 ₫,0,32,224,4.6,362,0,4.8
180,29.000 ₫,-42%,7,61,4.7,543,4,4.9
181,49.000 ₫,-11%,4,6,4.5,400,4,5
182,145.000 ₫,0,19,93,4.7,1945,1,4.8
183,240.000 ₫,0,5,6,4.7,725,6,5
184,153.000 ₫,-15%,4,32,4.6,19,2,5
185,25.000 ₫,0,11,106,4.6,318,0,4.9
186,125.000 ₫,-1%,11,191,4.7,1536,2,4.3
187,234.000 ₫,0,34,183,4.6,649,12,4.9
188,128.000 ₫,-19%,80,664,4.7,581,4,4.7
189,86.500 ₫,0,97,1573,4.6,368,1,4.6
190,2.970 ₫,-1%,56,1674,4.6,21,0,4.7
191,139.000 ₫,-40%,32,116,4.7,335,3,4.5
192,106.000 ₫,-7%,5,65,4.7,479129,1,5
193,41.580 ₫,-1%,24,95,4.6,21,0,4.7
194,116.000 ₫,0,17,122,4.7,51,1,4.7
195,139.900 ₫,-33%,51,296,4.6,81,1,4.3
196,119.000 ₫,-37%,14,72,4.5,172,2,3.7
197,14.850 ₫,-1%,9,104,4.6,21,0,4.9
198,42.000 ₫,-14%,23,155,4.7,581,3,4.6
199,108.000 ₫,0,60,328,4.7,1638,1,4.8
200,52.250 ₫,-5%,68,416,4.5,4710,2,4.1
201,10.000 ₫,-44%,4,139,4.5,172,1,5
202,239.000 ₫,0,0,3,4.7,645,4,0
203,302.000 ₫,-18%,6,53,4.9,522,3,5
204,99.999 ₫,0,9,54,4.0,236,4,3.1
205,86.500 ₫,0,121,4129,4.6,368,1,4.5
206,179.000 ₫,-19%,9,43,4.7,543,5,5
207,16.000 ₫,0,4,68,4.2,1331,3,4
208,82.000 ₫,-16%,64,369,4.7,479129,1,4.7
209,109.000 ₫,0,54,333,4.9,21,1,4.9
210,40.000 ₫,0,6,51,4.6,31,1,4.2
211,69.000 ₫,0,14,173,4.6,12,3,4.7
212,144.951 ₫,0,45,400,4.1,23,1,3.8
213,182.000 ₫,0,13,71,4.7,1433,3,5
214,38.500 ₫,0,7,47,4.6,153,0,5
215,219.000 ₫,-44%,7,20,4.7,543,5,4.4
216,55.000 ₫,-44%,11,81,4.2,479,2,4.8
217,129.000 ₫,-28%,82,387,4.7,532,1,4.9
218,289.000 ₫,-28%,39,150,4.4,1638,5,4.9
219,244.000 ₫,-38%,0,5,4.5,17,3,0
220,79.000 ₫,0,6,57,4.7,1945,1,4.8
221,497.000 ₫,0,0,2,4.7,645,4,0
222,69.900 ₫,0,4,49,4.2,1,1,4.3
223,268.998 ₫,-45%,1,11,4.7,88,3,5
224,180.000 ₫,0,114,584,4.7,416,1,0
225,249.000 ₫,-4%,105,446,4.8,5222,2,4.8
226,61.000 ₫,0,40,320,4.8,408,1,4.8
227,12.200 ₫,0,12,604,4.8,616,1,4.7
228,60.000 ₫,0,6,36,3.9,22,1,4.3
229,90.000 ₫,-14%,49,435,0.0,0,0,4.8
230,32.000 ₫,0,9,65,0.0,0,0,4.1
231,49.000 ₫,0,261,1662,4.8,408,1,4.8
232,120.000 ₫,0,17,122,4.6,216,1,4.1
233,140.580 ₫,-1%,9,34,3.9,8,1,4.1
234,120.673 ₫,0,89,435,0.0,0,0,0
235,155.000 ₫,0,0,4,0.0,0,0,0
236,779.000 ₫,0,169,938,4.6,597,1,4.7
237,175.000 ₫,-12%,7,58,0.0,0,0,0
238,79.000 ₫,0,9,58,0.0,0,0,0
239,89.000 ₫,-18%,15,95,4.6,2252,5,4.4
240,715.000 ₫,-11%,127,630,4.8,2048,3,4.8
241,108.000 ₫,-5%,5,24,4.7,479129,1,5
242,129.000 ₫,0,5,19,0.0,0,0,0
243,89.000 ₫,-48%,19,129,4.5,172,2,4.1
244,238.000 ₫,0,14,54,4.4,1740,4,4.3
245,33.000 ₫,-40%,34,539,4.5,172,1,4.5
246,178.480 ₫,-3%,66,495,4.5,1331,3,4.6
247,139.000 ₫,-28%,70,386,4.8,144,2,4.8
248,14.190 ₫,0,0,49,4.2,1331,3,0
249,249.000 ₫,-4%,6,27,4.8,5222,2,4.8
250,225.000 ₫,0,1,1,4.7,645,4,0
251,48.000 ₫,-4%,8,112,4.9,522,3,0
252,19.000 ₫,0,25,135,4.3,55,0,4.4
253,59.000 ₫,0,3,20,4.7,725,8,5
254,158.000 ₫,-21%,19,142,4.8,277,1,4.9
255,429.000 ₫,0,0,203,4.7,645,5,0
256,105.600 ₫,0,5,33,4.7,479129,1,5
257,158.000 ₫,-21%,9,108,4.7,1638,1,5
258,24.750 ₫,0,11,84,4.5,173,0,4.3
259,83.000 ₫,-48%,95,249,5.0,88,1,0
260,30.900 ₫,0,89,795,4.4,2150,0,4.5
261,399.000 ₫,-50%,3,15,4.7,645,4,4.7
262,44.000 ₫,0,0,7,4.7,339,1,0
263,13.500 ₫,0,17,221,4.5,182,0,4.9
264,99.000 ₫,-20%,4,9,4.6,30,2,4.5
265,31.500 ₫,0,9,55,4.4,741,0,4.8
266,39.999 ₫,0,0,0,4.1,88,0,0
267,13.400 ₫,0,38,606,4.2,1331,3,0
268,39.000 ₫,-25%,6,117,4.7,1536,1,4.8
269,75.000 ₫,0,50,595,4.4,493,4,0
270,82.000 ₫,-22%,10,83,4.4,493,4,4.9
271,29.000 ₫,0,12,193,4.2,1331,3,4.4
272,158.000 ₫,-21%,40,377,4.7,1638,1,4.9
273,29.000 ₫,0,0,0,2.8,0,0,0
274,171.000 ₫,-1%,76,495,4.7,31,1,0
275,10.898 ₫,0,1,1,4.2,2867,1,4
276,454.666 ₫,-45%,0,4,4.7,88,3,0
277,118.000 ₫,0,87,547,4.7,645,4,4.8
278,19.943 ₫,0,0,0,3.5,124,0,0
279,19.500 ₫,0,4,133,4.6,11,0,5
280,128.000 ₫,-43%,49,438,4.3,55,2,4.5
281,40.000 ₫,0,2,44,4.4,29,0,4.5
282,87.000 ₫,-2%,5,22,4.4,6,1,4.6
283,240.000 ₫,0,4,20,4.7,725,6,5
284,78.000 ₫,0,20,126,4.6,318,1,4.4
285,259.000 ₫,-50%,0,1,4.7,645,4,0
286,150.000 ₫,-40%,9,46,4.7,543,5,4.6
287,360.000 ₫,0,90,765,4.7,1536,2,4.8
288,105.000 ₫,0,28,118,4.6,318,1,4.4
289,38.000 ₫,0,4,16,4.2,1331,3,4.3
290,39.449 ₫,0,0,1,4.2,2867,1,0
291,59.000 ₫,0,6,46,4.9,4,1,5
292,141.000 ₫,0,0,9,4.2,479,2,0
293,120.000 ₫,0,38,316,4.5,1740,3,3.7
294,0,0,0,0,0.0,0,0,0
295,127.000 ₫,0,1,4,4.4,794,1,5
296,109.000 ₫,-9%,1,6,4.9,158,1,5
297,360.000 ₫,-25%,197,1134,4.7,1536,2,4.7
298,78.000 ₫,-11%,19,190,4.7,2867,2,5
299,29.000 ₫,0,4,47,4.2,1331,3,4.3
300,30.000 ₫,0,3,94,4.7,2,0,5
301,159.000 ₫,0,3,9,4.7,1945,1,0
302,24.650 ₫,-15%,6,24,4.4,498,0,0
303,180.000 ₫,-10%,55,589,4.5,58,2,4.3
304,33.000 ₫,0,1,27,4.7,794,0,5
305,49.899 ₫,0,0,1,3.6,11,1,0
306,120.000 ₫,-27%,31,143,4.5,3276,8,4.8
307,268.500 ₫,0,0,3,4.6,1228,4,0
308,35.000 ₫,0,6,79,4.2,2867,1,3.8
309,108.000 ₫,0,71,565,4.7,1638,1,4.7
310,42.000 ₫,0,5,15,4.2,1331,3,4.6
311,39.999 ₫,0,25,655,4.5,1740,0,4.2
312,18.500 ₫,-38%,8,341,4.7,110,2,4.9
313,184.000 ₫,-20%,11,52,4.7,1536,2,4.6
314,30.000 ₫,0,4,21,4.5,6,0,4.5
315,49.000 ₫,0,4,42,4.7,1945,1,5
316,35.140 ₫,-5%,6,33,4.3,311,3,2.7
317,145.000 ₫,0,5,25,4.2,257,1,4.6
318,204.000 ₫,-14%,276,1528,4.7,479129,1,4.8
319,66.100 ₫,-3%,3,62,4.7,479129,1,0
320,19.000 ₫,0,6,51,4.3,356,0,4.5
321,25.000 ₫,0,60,503,4.8,408,0,4.9
322,96.300 ₫,-10%,6,33,4.7,495,2,4.7
323,25.000 ₫,0,0,23,4.2,1331,3,0
324,39.000 ₫,0,4,28,4.9,76,0,4.3
325,168.000 ₫,0,5,51,4.2,39,1,4.4
326,139.000 ₫,0,72,257,4.7,339,2,4.8
327,1.990.000 ₫,-45%,4,4,4.6,22,4,5
328,37.900 ₫,0,23,185,4.6,649,11,4.7
329,49.000 ₫,0,6,28,4.6,318,1,5
330,198.500 ₫,0,3,15,4.4,741,1,5
331,15.000 ₫,0,48,768,4.7,1945,0,4.6
332,45.000 ₫,0,4,12,4.5,17,1,4.8
333,188.100 ₫,-1%,7,37,4.4,30,4,4.9
334,36.000 ₫,0,4,28,4.5,1126,0,4.8
335,269.998 ₫,-45%,9,29,4.7,88,3,4.8
336,31.000 ₫,0,0,0,4.3,1228,4,0
337,722.500 ₫,0,0,0,4.7,645,4,0
338,138.000 ₫,0,0,0,4.7,645,4,0
339,115.000 ₫,0,17,70,4.6,318,1,4.5
340,39.000 ₫,0,56,528,4.6,318,0,4.8
341,215.700 ₫,-50%,42,260,4.7,645,4,4.8
342,34.500 ₫,0,20,131,4.4,741,0,4.7
343,400.000 ₫,0,6,33,4.8,172,1,5
344,224.000 ₫,-20%,17,62,4.6,30,2,4.6
345,197.000 ₫,0,191,910,4.7,416,1,4.6
346,75.000 ₫,0,17,109,3.6,44,1,4.4
347,295.000 ₫,0,31,209,4.7,1638,1,4.9
348,174.000 ₫,-50%,22,112,4.7,645,4,4
349,109.000 ₫,-39%,83,541,4.9,1433,3,0
350,23.900 ₫,0,18,105,4.0,344,0,4.1
351,155.000 ₫,-22%,6,20,4.6,9,2,4.5
352,28.710 ₫,0,13,169,4.5,173,0,3.8
353,87.000 ₫,-2%,5,36,4.4,6,1,4.6
354,862.000 ₫,0,10,47,4.7,7,2,5
355,108.900 ₫,-1%,9,24,3.9,8,1,3.1
356,23.000 ₫,0,135,1314,4.8,408,0,4.9
357,19.200 ₫,-40%,7,144,4.8,179,2,5
358,62.983 ₫,0,0,0,4.2,63,1,0
359,54.000 ₫,0,27,139,4.6,314,1,4.9
360,177.000 ₫,0,3,21,4.2,262,2,3.7
361,1.050.000 ₫,0,64,223,4.7,3891,2,4.8
362,19.000 ₫,0,40,420,4.9,21,0,4.7
363,27.000 ₫,-3%,3,49,4.3,79,2,4.7
364,84.550 ₫,-5%,15,81,4.5,400,4,4.8
365,45.000 ₫,0,0,3,4.3,119,2,0
366,45.000 ₫,0,8,70,4.2,1331,4,4.3
367,10.988 ₫,0,1,10,4.2,2867,1,5
368,125.000 ₫,-4%,67,336,4.8,5222,2,4.8
369,10.098 ₫,0,73,472,4.2,2867,1,4.4
370,0,0,47,330,4.7,479129,1,4.9
371,195.000 ₫,0,38,136,4.4,597,1,4.9
372,459.000 ₫,0,49,212,4.7,645,4,4.6
373,135.000 ₫,-10%,21,101,4.7,1945,4,4.7
374,85.000 ₫,0,9,25,4.7,7,2,4.9
375,44.000 ₫,-20%,7,47,4.4,7,1,4.3
376,39.000 ₫,0,13,149,4.4,120,0,4.5
377,32.000 ₫,0,4,36,4.6,12,2,5
378,102.000 ₫,-20%,51,181,4.8,2048,3,4.8
379,6.500 ₫,-35%,7,158,4.7,110,2,4.9
380,66.000 ₫,0,0,3,4.2,479,2,0
381,829.000 ₫,0,29,232,4.6,597,2,4.6
382,800.000 ₫,0,27,141,4.5,1740,4,4.7
383,59.000 ₫,0,43,480,4.7,339,2,4.6
384,229.000 ₫,-12%,32,311,4.7,581,4,4.9
385,29.000 ₫,-41%,135,431,4.9,1433,2,4.9
386,20.000 ₫,0,41,567,4.7,1945,0,4.8
387,60.000 ₫,-25%,10,58,4.8,277,1,5
388,123.000 ₫,0,43,358,4.7,339,2,4.3
389,395.000 ₫,-29%,113,544,4.6,81,1,4.7
390,118.800 ₫,-1%,15,77,3.9,8,1,4.5
391,119.000 ₫,0,11,51,4.7,1945,1,4.5
392,89.900 ₫,0,82,465,4.8,408,1,4.9
393,45.000 ₫,0,8,61,4.7,416,1,5
394,15.000 ₫,0,5,27,4.3,1228,4,5
395,330.000 ₫,-25%,60,446,4.7,1536,2,4.7
396,48.000 ₫,0,3,22,4.2,2867,2,3.7
397,13.000 ₫,0,16,326,4.5,569,0,4.1
398,13.000 ₫,-48%,4,183,4.7,110,2,0
399,586.886 ₫,-45%,43,174,4.7,88,3,4.7
400,14.000 ₫,0,4,87,4.2,512,3,0
401,304.800 ₫,-38%,1,5,4.5,17,3,4
402,682.500 ₫,0,0,1,4.7,645,4,0
403,469.000 ₫,0,3,6,4.7,1945,1,5
404,169.000 ₫,0,12,85,4.7,1945,1,5
405,41.000 ₫,0,16,81,4.5,21,0,4.6
406,33.000 ₫,-45%,1,36,4.3,311,3,4
407,192.000 ₫,0,4,13,4.6,37,1,0
408,61.900 ₫,0,7,63,4.7,339,2,4.7
409,157.000 ₫,-13%,2,13,4.9,96,1,5
410,80.000 ₫,-6%,11,31,4.7,221,3,4.7
411,159.011 ₫,0,3,7,4.3,2457,6,4.3
412,12.600 ₫,0,0,10,4.0,344,0,0
413,12.500 ₫,0,4,237,4.7,1,0,5
414,40.920 ₫,0,0,0,3.9,159,0,0
415,15.600 ₫,0,15,278,4.8,616,1,5
416,369.000 ₫,0,136,594,4.6,698,2,4.7
417,200.000 ₫,0,5,209,4.8,453,1,4.8
418,145.000 ₫,-28%,12,54,4.8,277,1,4.4
419,37.800 ₫,-37%,4,52,4.8,179,2,4
420,31.740 ₫,-31%,5,46,4.8,179,2,5
421,108.000 ₫,0,37,256,4.7,1638,1,4.8
422,590.000 ₫,0,29,100,4.5,1740,1,4.9
423,31.340 ₫,-18%,0,6,4.2,11,1,0
424,335.000 ₫,-26%,989,5000+,4.7,479129,1,4.8
425,132.000 ₫,0,0,666,4.8,2048,1,0
426,132.000 ₫,0,4,5000+,4.8,2048,1,5
427,4.200 ₫,-30%,0,415,4.6,26,1,0
428,335.000 ₫,-26%,989,5000+,4.7,479129,1,4.8
429,234.000 ₫,-15%,469,2673,4.7,479129,1,4.7
430,341.000 ₫,-25%,836,5000+,4.7,479129,1,4.8
431,170.000 ₫,-25%,1622,5000+,4.7,479129,1,4.8
432,121.000 ₫,-10%,434,4470,4.8,277,1,4.8
433,427.000 ₫,-6%,866,5000+,4.7,479129,1,4.9
434,341.000 ₫,-25%,836,5000+,4.7,479129,1,4.8
435,50.000 ₫,-49%,40,484,4.8,4096,9,5
436,13.680 ₫,0,13,223,4.2,1331,3,3.4
437,234.000 ₫,-15%,469,2673,4.7,479129,1,4.7
438,29.000 ₫,-28%,58,822,4.7,479129,0,4.9
439,170.000 ₫,-25%,1622,5000+,4.7,479129,1,4.8
440,175.000 ₫,-23%,1583,5000+,4.7,479129,1,4.8
441,326.000 ₫,-22%,792,4771,4.7,479129,1,4.8
442,220.000 ₫,-23%,1263,5000+,4.7,479129,1,4.9
443,174.000 ₫,-23%,1538,5000+,4.7,479129,1,4.8
444,458.000 ₫,-20%,389,2692,4.7,479129,1,4.9
445,227.000 ₫,0,1159,5000+,4.7,479129,1,4.9
446,0,0,717,4240,4.7,479129,1,4.7
447,326.000 ₫,-22%,716,3877,4.7,479129,1,4.8
448,433.000 ₫,-20%,406,2805,4.7,479129,1,4.9
449,220.000 ₫,-23%,1263,5000+,4.7,479129,1,4.9
450,170.000 ₫,-25%,1526,5000+,4.7,479129,1,0
451,319.174 ₫,0,0,24,4.7,645,4,0
452,8.500 ₫,0,0,111,4.7,725,1,0
453,110.000 ₫,-29%,293,3017,4.8,277,1,4.9
454,427.000 ₫,-6%,866,5000+,4.7,479129,1,4.9
455,296.000 ₫,-20%,166,891,4.7,479129,1,4.9
456,74.000 ₫,-5%,509,5000+,4.7,479129,1,4.8
457,151.000 ₫,-18%,631,5000+,4.7,479129,1,4.8
458,209.000 ₫,-23%,1138,5000+,4.7,479129,1,0
459,433.000 ₫,-20%,406,2805,4.7,479129,1,4.9
460,458.000 ₫,-20%,389,2692,4.7,479129,1,4.9
461,77.000 ₫,0,0,15,4.2,479,2,0
462,181.000 ₫,-20%,275,2297,4.7,479129,1,4.9
463,25.000 ₫,0,384,5000+,4.6,153,0,4.9
464,114.000 ₫,-10%,2659,5000+,4.7,479129,1,0
465,353.000 ₫,-22%,151,1040,4.7,479129,1,4.9
466,105.000 ₫,-13%,163,2041,4.7,479129,1,4.9
467,114.000 ₫,-10%,2659,5000+,4.7,479129,1,4.8
468,211.000 ₫,-22%,1107,5000+,4.7,479129,1,4.8
469,211.000 ₫,-22%,1107,5000+,4.7,479129,1,4.8
470,358.000 ₫,-21%,128,860,4.7,479129,1,4.9
471,151.000 ₫,-18%,756,5000+,4.7,479129,1,4.8
472,66.100 ₫,-11%,61,633,4.7,479129,1,5
473,73.000 ₫,-6%,380,3535,4.7,479129,1,4.7
474,150.000 ₫,-6%,5,27,4.8,34,1,5
475,200.000 ₫,0,10,55,4.5,247,1,4.1
476,91.000 ₫,0,9,32,4.6,9,1,4.9
477,90.000 ₫,0,17,107,4.7,7,2,4.8
478,8.200 ₫,0,0,7,4.3,54,0,0
479,75.000 ₫,0,7,51,4.4,12,1,4.9
480,105.000 ₫,0,7,55,4.6,31,2,4.9
481,56.000 ₫,0,3,20,5.0,1,1,5
482,95.000 ₫,0,7,34,4.5,16,1,3.9
483,69.000 ₫,-19%,19,82,4.4,36,1,4.4
484,75.000 ₫,0,0,0,4.8,175,5,0
485,12.320 ₫,-12%,3,45,4.8,78,0,5
486,649.000 ₫,-50%,0,0,4.7,645,4,0
487,51.500 ₫,0,26,232,4.4,2150,1,4.6
488,82.000 ₫,-18%,11,87,4.7,110,3,5
489,25.000 ₫,-36%,216,1294,4.9,1433,2,4.8
490,224.600 ₫,0,18,197,4.8,616,2,5
491,115.200 ₫,-20%,7,58,4.7,1536,2,5
492,49.000 ₫,-11%,7,15,4.5,400,4,0
493,99.000 ₫,0,3,15,4.6,649,12,5
494,3.500 ₫,0,9,120,4.8,1331,0,5
495,44.000 ₫,0,23,164,4.6,318,0,4.3
496,160.000 ₫,-18%,29,165,4.7,581,4,4.8
497,175.000 ₫,-50%,3,1347,4.7,645,4,5
498,83.000 ₫,-31%,14,152,4.4,69,2,4.8
499,205.000 ₫,0,8,30,4.5,1740,1,4.9
500,299.000 ₫,0,5,33,4.7,645,4,5
501,69.000 ₫,-22%,26,291,4.4,2560,3,0
502,220.000 ₫,0,27,189,4.5,41,2,4.6
503,34.040 ₫,-8%,15,329,4.5,138,0,4.9
504,297.800 ₫,-50%,43,204,4.7,645,4,4.8
505,29.000 ₫,0,13,360,4.6,698,1,4.5
506,125.000 ₫,-34%,5,22,4.5,172,2,3.4
507,279.000 ₫,0,18,444,4.4,91,1,4.5
508,58.000 ₫,0,13,191,4.7,51,1,4.5
509,61.000 ₫,-24%,2,40,4.9,8,1,5
510,109.000 ₫,-50%,0,3,4.7,645,4,0
511,47.000 ₫,-15%,55,342,4.7,581,4,4.7
512,205.000 ₫,-12%,182,976,4.8,2048,3,0
513,11.880 ₫,-1%,11,122,4.3,622,2,4.4
514,245.888 ₫,-38%,2,17,4.5,17,3,5
515,88.000 ₫,0,45,237,4.7,1945,1,4.7
516,38.000 ₫,0,11,77,4.7,1945,0,4.6
517,807.500 ₫,-5%,2,22,4.7,495,3,5
518,88.000 ₫,-20%,26,152,4.7,581,4,0
519,61.000 ₫,0,145,914,4.8,408,1,4.8
520,278.900 ₫,-50%,0,2,4.7,645,4,0
521,35.999 ₫,0,0,2,4.1,88,0,0
522,39.900 ₫,-50%,0,9,4.7,8806,4,0
523,28.999 ₫,0,4,21,4.3,356,0,4
524,145.000 ₫,0,22,84,4.7,1945,1,5
525,104.428 ₫,0,154,962,4.7,645,4,4.8
526,260.100 ₫,-10%,21,141,4.6,649,12,4.8
527,11.998 ₫,0,170,1414,4.3,497,0,4.5
528,559.229 ₫,-30%,2,10,4.6,26,2,0
529,71.000 ₫,-4%,7,78,4.8,5222,2,4.9
530,66.000 ₫,-3%,3,51,4.7,479129,1,5
531,137.997 ₫,-38%,1,8,4.5,17,3,5
532,165.000 ₫,0,6,40,4.7,31,2,5
533,99.000 ₫,-34%,5,19,4.5,58,2,4.8
534,33.000 ₫,0,23,311,4.5,106,0,4.7
535,149.250 ₫,-25%,2,12,4.8,2662,2,5
536,44.950 ₫,0,32,287,4.1,625,0,4.4
537,85.000 ₫,-20%,37,266,4.6,30,2,4.6
538,14.300 ₫,0,0,26,4.7,31,2,0
539,35.000 ₫,0,2,8,4.6,12,2,5
540,83.000 ₫,0,5,52,4.8,408,1,4.8
541,50.000 ₫,0,0,0,4.6,1843,1,0
542,128.000 ₫,-21%,10,41,4.8,277,1,4.8
543,20.000 ₫,-39%,9,552,4.5,172,1,5
544,257.000 ₫,0,13,63,4.5,1740,1,4.8
545,120.000 ₫,0,3,41,4.7,291,5,5
546,135.000 ₫,0,2,24,4.6,153,1,5
547,299.000 ₫,-39%,35,134,4.9,1433,3,4.6
548,115.000 ₫,-39%,18,46,4.9,1433,3,4.7
549,527.199 ₫,-50%,1,2,4.7,645,4,3
550,29.000 ₫,0,0,0,4.2,1331,3,0
551,63.000 ₫,0,4,16,4.7,1843,2,5
552,145.000 ₫,-28%,7,34,4.8,277,1,4.6
553,69.000 ₫,-37%,3,81,4.7,543,5,4.7
554,89.000 ₫,-26%,2,11,4.7,543,5,5
555,145.000 ₫,0,39,220,4.7,5529,6,4.9
556,125.000 ₫,0,2,8,3.9,22,1,2.5
557,138.000 ₫,0,14,32,4.4,120,1,4.5
558,79.300 ₫,0,13,111,4.8,46,1,4.6
559,66.000 ₫,0,24,139,4.7,416,1,4.6
560,156.000 ₫,0,79,280,4.8,46,1,4.9
561,39.999 ₫,0,2,4,4.1,165,0,4.5
562,614.240 ₫,-12%,15,82,4.7,159,4,0
563,498.000 ₫,-45%,10,37,4.7,88,3,5
564,468.000 ₫,-38%,3,11,4.5,17,3,4.7
565,402.000 ₫,-3%,11,62,4.4,493,4,4.6
566,267.500 ₫,0,0,0,4.7,645,4,0
567,15.980 ₫,0,0,5,4.2,2867,1,0
568,195.000 ₫,-43%,4,22,4.7,543,5,5
569,139.000 ₫,-37%,2,9,4.7,543,5,0
570,42.999 ₫,0,0,7,4.3,259,1,0
571,162.000 ₫,0,2,48,4.2,262,2,5
572,19.000 ₫,0,0,0,0.0,1,0,0
573,52.000 ₫,0,3,6,4.3,79,3,4
574,12.000 ₫,0,9,175,4.7,1945,0,4.9
575,58.000 ₫,0,1,9,4.0,19,1,5
576,39.000 ₫,0,0,0,4.2,1331,3,0
577,318.000 ₫,-41%,13,42,4.7,645,4,4.9
578,249.900 ₫,-50%,79,316,4.7,645,4,4.8
579,37.000 ₫,0,4,11,4.7,1945,0,5
580,207.000 ₫,0,2,37,4.2,262,2,5
581,155.000 ₫,0,85,272,4.4,597,1,4.8
582,345.000 ₫,-12%,0,1,4.6,256,1,0
583,242.100 ₫,-10%,10,34,4.7,159,4,4.4
584,256.000 ₫,-10%,35,118,4.8,5222,2,4.9
585,128.000 ₫,-10%,42,209,4.8,5222,2,4.6
586,126.000 ₫,-17%,13,125,4.7,937,4,5
587,235.000 ₫,0,4,24,4.7,1945,1,3.8
588,252.252 ₫,-2%,1,8,4.2,11,2,5
589,31.500 ₫,0,4,15,4.5,586,0,0
590,34.000 ₫,0,5,32,4.7,7,1,5
591,126.000 ₫,-25%,41,161,4.6,81,1,4.6
592,87.000 ₫,-2%,5,39,4.4,6,1,3.8
593,51.000 ₫,0,0,0,4.3,119,2,0
594,99.000 ₫,0,9,51,4.6,228,1,3.7
595,284.000 ₫,-32%,8,44,4.6,81,1,4.5
596,15.000 ₫,0,8,51,4.3,267,1,4.8
597,109.000 ₫,0,6,38,4.7,339,2,5
598,190.000 ₫,0,13,54,4.3,65,2,4.5
599,68.000 ₫,0,21,197,4.4,333,2,0
600,44.000 ₫,0,10,58,4.4,1740,3,0
601,45.989 ₫,0,4,21,4.3,311,4,5
602,99.000 ₫,0,41,212,4.6,318,1,4.4
603,87.000 ₫,-30%,32,188,4.8,277,1,4.9
604,35.000 ₫,-19%,26,152,4.4,1024,3,4.5
605,149.000 ₫,-7%,4,86,4.7,110,3,5
606,84.000 ₫,-14%,28,238,4.7,581,4,4.8
607,85.000 ₫,0,2,17,4.7,31,1,4.5
608,90.000 ₫,0,10,114,4.6,318,1,4.3
609,106.000 ₫,0,54,246,4.7,645,4,4.6
610,59.000 ₫,-13%,4,24,4.8,277,1,4.8
611,139.000 ₫,-50%,14,50,4.7,645,4,4.4
612,129.000 ₫,-50%,3,12,4.7,645,4,5
613,120.000 ₫,-8%,26,115,4.5,632,1,4.5
614,68.000 ₫,-33%,46,254,4.6,3379,2,4.4
615,89.000 ₫,-26%,3,4,4.7,543,5,0
616,158.000 ₫,-21%,35,342,4.7,1638,1,4.8
617,34.900 ₫,0,10,91,4.2,87,0,4.7
618,169.000 ₫,-35%,0,2,4.8,641,2,0
619,206.000 ₫,-8%,2,13,4.7,429,1,4.5
620,223.999 ₫,-45%,6,37,4.7,88,3,4.7
621,32.000 ₫,0,10,202,4.6,318,0,4.6
622,24.000 ₫,-20%,5,73,4.5,4710,1,4.2
623,135.000 ₫,0,5,26,4.6,1126,2,4.4
624,19.999 ₫,0,13,49,4.2,330,1,4.2
625,219.000 ₫,-50%,0,0,4.7,645,4,0
626,274.000 ₫,-38%,0,0,4.5,17,3,0
627,35.000 ₫,0,144,5000+,4.5,138,0,4.8
628,73.000 ₫,-3%,24,540,4.4,493,4,0
629,33.440 ₫,-12%,2,5,5.0,25,3,5
630,55.000 ₫,0,2,15,4.3,0,1,5
631,19.000 ₫,0,3,30,4.6,8294,3,3.7
632,98.000 ₫,0,12,117,4.5,569,1,4.8
633,44.000 ₫,-4%,2,48,4.7,2867,1,3
634,21.000 ₫,-28%,6,141,4.7,110,2,5
635,66.800 ₫,0,61,890,4.5,1126,1,4.4
636,29.979 ₫,0,28,101,4.4,915,0,3.8
637,35.000 ₫,0,2,3,4.5,0,0,5
638,74.000 ₫,0,2,12,4.9,21,1,5
639,180.000 ₫,-10%,42,229,4.5,58,2,0
640,89.600 ₫,0,44,300,4.8,408,1,4.9
641,130.000 ₫,0,7,29,4.5,65,1,4.9
642,57.500 ₫,0,49,451,4.7,339,2,4.6
643,69.000 ₫,-19%,6,32,4.4,36,1,4.8
644,165.000 ₫,0,23,124,4.8,172,1,5
645,89.000 ₫,-32%,16,156,4.7,53,4,4.1
646,69.000 ₫,0,6,18,3.9,151,2,4.3
647,60.000 ₫,0,4,26,4.6,310,3,4.5
648,350.000 ₫,-12%,85,546,4.5,58,2,4.6
649,88.000 ₫,-20%,34,213,4.7,581,4,4.8
650,30.000 ₫,0,0,0,4.6,1843,0,0
651,62.000 ₫,-23%,23,126,4.8,277,1,4.6
652,14.000 ₫,0,2,15,4.2,1331,3,5
653,58.000 ₫,-16%,16,136,4.7,334,3,5
654,39.375 ₫,-37%,6,58,4.8,179,2,4.7
655,28.000 ₫,0,6,140,4.6,59,4,4.5
656,29.000 ₫,0,7,36,4.6,206,3,4.1
657,54.000 ₫,0,12,105,4.6,240,3,4.9
658,105.000 ₫,0,4,42,4.5,1740,1,3.5
659,399.000 ₫,0,7,52,4.6,660,1,4.4
660,125.000 ₫,-31%,0,2,4.6,256,1,0
661,44.000 ₫,0,0,2,4.2,2867,1,0
662,125.000 ₫,-50%,0,416,4.7,645,4,0
663,35.000 ₫,0,2,9,4.2,2867,1,0
664,42.000 ₫,-30%,4,13,4.7,543,4,5
665,100.000 ₫,-17%,22,141,4.5,58,2,4.3
666,99.000 ₫,0,46,504,4.7,212,2,4.8
667,30.000 ₫,-40%,3,42,4.6,223,0,4
668,65.250 ₫,-13%,2,2,5.0,191,3,5
669,29.000 ₫,0,28,261,4.5,106,0,4.8
670,10.900 ₫,0,5,71,4.3,982,1,4.2
671,250.000 ₫,0,9,39,4.7,122,1,4.1
672,45.500 ₫,0,8,31,4.5,330,1,4.5
673,119.000 ₫,0,5,37,4.5,98,1,4.8
674,66.000 ₫,-17%,4,38,4.7,479129,1,5
675,25.000 ₫,-49%,245,2720,4.9,1433,2,5
676,16.000 ₫,-24%,18,575,4.7,110,2,4.9
677,4.800 ₫,0,0,1,3.8,5,0,0
678,109.000 ₫,-38%,1,12,4.7,645,4,5
679,355.000 ₫,-38%,0,2,4.5,17,3,0
680,74.500 ₫,-30%,0,1,4.6,26,2,0
681,54.500 ₫,-50%,8,21,4.3,3584,2,4.8
682,49.000 ₫,0,8,77,4.8,408,1,4
683,12.888 ₫,0,2,4,4.2,2867,1,3
684,45.000 ₫,0,2,6,4.3,7,1,3
685,99.000 ₫,-17%,22,213,4.6,2252,5,0
686,129.000 ₫,0,13,109,4.7,1945,1,4.5
687,209.000 ₫,0,18,86,4.7,1945,1,4.4
688,114.000 ₫,-21%,19,112,4.7,581,4,0
689,99.500 ₫,0,5,20,4.4,741,1,0
690,109.000 ₫,-50%,42,126,4.7,645,4,0
691,129.000 ₫,0,2,4,4.4,1740,4,4.5
692,299.000 ₫,-25%,3,19,4.8,206,2,5
693,59.000 ₫,0,1,17,4.7,725,9,5
694,127.900 ₫,0,170,869,4.7,645,4,0
695,181.000 ₫,-10%,47,228,4.8,5222,2,4.8
696,219.880 ₫,-8%,3,4,4.8,206,2,5
697,62.000 ₫,-17%,5,12,4.4,493,4,4.8
698,18.000 ₫,0,2,8,4.2,13,0,5
699,35.999 ₫,0,2,7,4.1,165,0,0
700,115.000 ₫,0,8,43,4.5,64,1,4.6
701,200.000 ₫,0,6,16,4.8,46,1,4.3
702,29.500 ₫,-50%,32,242,4.3,55,1,4
703,780.000 ₫,0,11,73,4.7,416,1,4.9
704,10.490 ₫,0,2,6,4.3,2457,5,5
705,28.000 ₫,0,43,405,4.5,247,0,4.4
706,130.000 ₫,0,10,33,4.7,1945,1,4.5
707,53.000 ₫,0,2,61,4.3,79,3,0
708,32.200 ₫,-8%,106,5000+,4.5,138,0,4.7
709,191.400 ₫,0,27,180,4.8,255,2,4.9
710,39.000 ₫,0,14,195,4.6,318,0,4.6
711,26.000 ₫,0,27,167,4.6,318,0,4.7
712,52.000 ₫,0,6,24,4.3,851,4,0
713,90.000 ₫,0,7,77,4.2,24,1,4.9
714,85.000 ₫,-14%,0,4,4.6,256,1,0
715,341.550 ₫,-1%,95,549,4.4,333,2,4.3
716,45.000 ₫,0,31,180,4.4,59,1,4.2
717,35.000 ₫,0,0,0,4.2,12,6,0
718,69.000 ₫,-42%,13,77,4.4,36,1,4.8
719,53.500 ₫,0,10,117,4.7,339,2,4.4
720,24.000 ₫,-40%,5,354,4.5,172,1,5
721,56.996 ₫,0,6,36,4.2,453,5,4.3
722,35.190 ₫,-31%,2,4,4.8,179,2,4.5
723,330.000 ₫,0,14,38,4.7,645,4,4.7
724,22.000 ₫,-37%,10,51,4.6,2252,4,4.5
725,39.500 ₫,0,4,28,4.2,1331,3,4.5
726,329.971 ₫,0,2,3,4.7,645,4,4.5
727,219.000 ₫,-44%,3,8,4.7,543,5,5
728,125.000 ₫,-29%,5,32,4.7,543,5,5
729,224.000 ₫,-20%,83,598,4.7,1536,2,4.9
730,399.000 ₫,-50%,92,476,4.7,645,4,4.8
731,160.000 ₫,0,24,222,4.5,173,1,4.3
732,268.800 ₫,0,77,308,4.7,645,4,4.8
733,155.000 ₫,-22%,4,39,4.6,9,2,4.3
734,35.000 ₫,0,45,541,4.6,314,0,4.6
735,55.000 ₫,0,154,900,4.8,408,1,4.7
736,69.000 ₫,0,4,5,4.5,65,1,3.8
737,338.999 ₫,-45%,1,6,4.7,88,3,5
738,75.000 ₫,0,23,246,4.3,23,1,4.4
739,616.000 ₫,-45%,4,19,4.7,88,3,5
740,22.990 ₫,0,12,130,4.2,2867,1,4.4
741,371.000 ₫,-50%,108,468,4.7,645,4,4.6
742,24.000 ₫,0,16,169,4.5,173,0,4.7
743,18.999 ₫,0,0,2,4.3,259,1,0
744,38.999 ₫,0,0,4,4.2,2867,1,0
745,165.000 ₫,0,46,569,4.4,30,1,4.7
746,498.999 ₫,-45%,3,17,4.7,88,3,3.7
747,155.991 ₫,0,49,173,4.7,645,4,4.6
748,8.500 ₫,0,7,315,4.2,59,0,3.6
749,120.000 ₫,-27%,25,147,4.7,581,4,4.8
750,69.500 ₫,0,6,26,4.5,586,1,5
751,119.000 ₫,-19%,24,178,4.8,2048,3,4.9
752,249.000 ₫,0,2,7,4.7,1945,1,5
753,499.000 ₫,0,29,100,4.7,1945,1,4.6
754,27.500 ₫,0,12,169,4.8,408,0,4.8
755,119.000 ₫,-47%,48,458,4.3,55,2,4.2
756,87.000 ₫,-2%,1,4,4.4,6,1,5
757,59.000 ₫,-26%,2,26,4.9,8,1,5
758,32.000 ₫,0,1,1,4.7,7,0,5
759,49.999 ₫,0,0,0,3.6,11,1,0
760,66.000 ₫,0,7,30,4.7,1945,1,4.6
761,25.000 ₫,0,1,8,4.2,10,0,5
762,37.000 ₫,0,0,0,4.4,30,3,0
763,69.000 ₫,0,1,10,3.9,22,1,5
764,30.000 ₫,0,1,2,4.3,8,0,1
765,43.000 ₫,0,63,634,4.5,106,0,4.3
766,25.000 ₫,0,3,52,4.0,7,0,5
767,35.000 ₫,0,5,62,4.2,24,0,3.2
768,148.000 ₫,0,1,5,4.8,4,1,5
769,59.000 ₫,0,2,2,4.7,953,1,4.5
770,170.000 ₫,0,3,23,4.4,107,1,5
771,103.500 ₫,-10%,16,76,4.3,63,2,4.9
772,14.999 ₫,0,1,7,4.3,311,3,5
773,45.000 ₫,0,0,3,4.7,794,1,0
774,18.700 ₫,0,6,53,4.5,234,1,4.3
775,83.000 ₫,-31%,8,86,4.4,69,2,4.1
776,83.000 ₫,-31%,2,12,4.4,69,2,4.5
777,68.000 ₫,0,2,35,4.5,234,2,4.5
778,135.000 ₫,0,1,35,4.5,33,2,3
779,19.999 ₫,0,2,51,3.6,11,0,5
780,3.000 ₫,0,0,2,3.5,11,0,0
781,19.000 ₫,0,9,124,4.7,1945,0,4.7
782,99.000 ₫,0,5,21,4.5,16,1,5
783,12.000 ₫,-43%,1,18,4.5,29,0,5
784,139.500 ₫,-10%,12,85,4.8,19,1,5
785,33.000 ₫,0,1,9,4.7,219,0,5
786,69.000 ₫,0,3,9,4.3,0,2,4.7
787,24.880 ₫,0,0,0,4.3,259,1,0
788,40.000 ₫,0,1,11,4.5,1740,2,5
789,104.000 ₫,0,0,62,4.3,65,2,0
790,59.000 ₫,0,7,55,4.7,339,2,4.3
791,54.000 ₫,0,5,63,4.5,247,1,5
792,59.000 ₫,0,6,64,4.7,339,2,4.8
793,31.000 ₫,0,1,27,4.7,339,1,5
794,25.000 ₫,0,1,3,4.3,622,2,4
795,165.000 ₫,0,17,74,4.8,172,1,4.9
796,48.360 ₫,0,9,75,4.5,1126,1,4.8
797,410.000 ₫,0,1,3,4.8,37,1,5
798,19.800 ₫,0,1,4,4.7,219,0,5
799,45.000 ₫,-10%,9,196,4.7,53,4,0
800,129.000 ₫,0,21,0,0.0,0,2,4.7
801,59.000 ₫,0,0,1,4.3,119,2,0
802,99.000 ₫,0,2,7,4.1,45,2,4.5
803,87.000 ₫,0,21,155,4.5,41,2,4.4
804,95.000 ₫,-43%,4,102,4.5,172,2,5
805,32.000 ₫,-3%,0,1,4.3,1638,5,0
806,68.000 ₫,0,39,476,4.5,23,1,4.5
807,75.000 ₫,0,8,35,3.6,61,1,3.9
808,23.500 ₫,0,1,9,4.3,75,0,0
809,19.990 ₫,0,0,0,4.7,725,8,0
810,229.000 ₫,-8%,26,184,4.8,28,2,4.7
811,259.000 ₫,-50%,1,1,4.8,1945,5,5
812,79.000 ₫,0,1,32,4.7,1945,1,5
813,103.000 ₫,0,5,24,5.0,1,1,5
814,25.000 ₫,0,7,166,4.3,55,0,4.7
815,43.600 ₫,0,6,54,4.5,586,0,4
816,129.000 ₫,-28%,4,8,4.7,853,6,5
817,127.000 ₫,0,1,2,4.4,597,1,5
818,89.000 ₫,-6%,35,226,4.7,2150,2,0
819,67.500 ₫,-10%,1,25,4.5,4710,2,5
820,35.000 ₫,0,1,7,4.7,2252,2,5
821,255.000 ₫,0,4,26,4.5,12,1,4.5
822,45.000 ₫,0,2,3,3.6,39,1,5
823,75.000 ₫,-38%,13,96,4.7,291,5,4.6
824,82.000 ₫,0,0,1,4.8,2662,4,0
825,33.000 ₫,-21%,1,3,4.5,1126,0,5
826,79.000 ₫,0,15,68,4.9,1433,3,4.1
827,65.000 ₫,-19%,1,5,4.5,5836,1,5
828,130.000 ₫,0,1,10,4.6,318,1,5
829,84.000 ₫,-10%,17,150,4.7,581,4,4.8
830,35.000 ₫,0,1,7,4.8,2662,3,5
831,6.555 ₫,-5%,16,145,4.5,400,3,4.9
832,160.000 ₫,0,16,147,4.5,41,2,0
833,227.000 ₫,-3%,7,40,4.4,493,4,5
834,182.000 ₫,-30%,1,9,4.8,206,2,5
835,81.000 ₫,0,3,11,4.7,1843,2,5
836,41.875 ₫,-33%,2,11,4.8,179,2,5
837,599.000 ₫,-50%,1,231,4.7,645,4,5
838,82.000 ₫,0,2,5,4.6,318,1,5
839,94.300 ₫,-18%,28,317,4.7,1536,2,4.9
840,298.000 ₫,-50%,2,13,4.7,645,4,3.5
841,63.000 ₫,0,1,12,4.7,1843,2,5
842,33.000 ₫,0,1,4,4.8,74,0,5
843,32.430 ₫,-31%,1,2,4.8,179,2,0
844,32.400 ₫,-10%,1,12,4.6,19,1,5
845,169.000 ₫,-50%,16,78,4.7,645,4,3.9
846,25.000 ₫,0,1,3,4.8,30,0,5
847,295.500 ₫,0,2,4,4.4,741,1,4.5
848,338.997 ₫,-30%,1,1,4.6,26,2,5
849,46.550 ₫,-5%,5,24,4.5,4710,2,4.8
850,45.000 ₫,0,2,11,4.7,65,1,4.5
851,195.000 ₫,0,1,3,4.6,318,1,4
852,39.000 ₫,0,1,6,4.6,2355,9,0
853,39.000 ₫,-3%,18,390,4.7,581,3,4.7
854,72.000 ₫,0,13,71,4.5,28,1,4.6
855,111.700 ₫,-50%,90,494,4.7,645,4,4.8
856,52.800 ₫,-12%,4,47,4.8,78,1,4.8
857,185.000 ₫,-33%,0,0,4.5,1740,1,0
858,105.000 ₫,-41%,4,8,4.9,1433,3,4.8
859,288.000 ₫,0,3,10,5.0,106,1,4.7
860,357.900 ₫,-30%,1,1,4.7,645,4,5
861,140.000 ₫,0,2,8,4.6,318,1,3.5
862,25.000 ₫,0,3,127,4.6,318,0,4.7
863,99.000 ₫,-50%,2,20,4.7,645,4,4
864,174.900 ₫,-30%,0,1,4.7,645,4,0
865,149.000 ₫,0,0,5,4.4,3686,1,0
866,145.000 ₫,-24%,2,13,4.7,543,5,0
867,71.000 ₫,0,0,12,4.8,30,1,0
868,29.000 ₫,-28%,1,9,4.7,543,4,0
869,19.200 ₫,-40%,4,111,4.8,179,2,5
870,35.999 ₫,0,0,5,4.2,2867,1,0
871,117.500 ₫,0,7,36,4.4,794,1,4.1
872,212.520 ₫,-8%,1,3,4.7,80,3,4
873,36.500 ₫,0,1,4,4.4,741,0,4
874,149.000 ₫,0,2,6,4.5,1740,1,5
875,55.000 ₫,0,0,1,4.2,479,2,0
876,405.400 ₫,-50%,0,1,4.7,645,4,0
877,586.686 ₫,-45%,0,4,4.7,88,3,0
878,123.600 ₫,0,1,8,4.7,55,1,5
879,317.615 ₫,0,39,0,4.7,645,4,0
880,18.690 ₫,0,2,6,4.3,155,0,4.5
881,279.998 ₫,-45%,3,20,4.7,88,3,5
882,52.000 ₫,0,3,38,4.2,2867,2,3.7
883,123.750 ₫,-1%,25,120,4.5,230,1,4.5
884,155.000 ₫,-38%,0,0,4.5,17,3,0
885,149.000 ₫,-50%,0,0,4.7,645,4,0
886,95.000 ₫,-50%,0,0,4.7,645,4,0
887,35.000 ₫,0,1,12,4.5,6,0,5
888,98.949 ₫,0,1,20,4.7,645,4,0
889,168.300 ₫,-30%,0,58,4.6,26,2,0
890,99.000 ₫,0,1,24,4.9,10,1,5
891,109.000 ₫,0,2,2,4.4,120,1,5
892,117.000 ₫,0,6,17,4.4,120,1,0
893,19.000 ₫,0,1,4,4.1,67,0,5
894,30.000 ₫,0,6,35,4.4,120,0,4.7
895,125.000 ₫,0,4,6,4.7,11,1,3.8
896,89.000 ₫,0,1,1,3.4,223,1,5
897,160.000 ₫,0,6,41,4.5,66,1,5
898,155.000 ₫,0,2,10,4.7,21,1,5
899,32.000 ₫,0,1,17,4.2,262,1,4
900,269.700 ₫,0,1,3,4.8,261,1,5
901,13.000 ₫,0,1,16,4.4,8,0,5
902,63.000 ₫,0,0,10,3.7,18,1,0
903,12.900 ₫,-32%,9,114,4.5,172,1,4.3
904,171.000 ₫,-10%,1,10,4.3,9,3,5
905,139.000 ₫,-20%,4,25,4.6,30,2,5
906,45.000 ₫,0,23,69,4.1,15,1,4.1
907,117.000 ₫,-38%,3,29,4.4,69,2,4.3
908,35.000 ₫,-50%,1,2,4.6,22,2,5
909,85.000 ₫,0,1,6,3.9,22,1,5
910,80.000 ₫,0,10,84,4.4,59,1,3.9
911,89.000 ₫,0,7,22,4.2,83,1,4.4
912,29.328 ₫,-6%,4,13,5.0,143,0,5
913,90.000 ₫,0,31,391,4.8,51,1,4.6
914,80.000 ₫,0,3,8,4.1,71,1,5
915,150.000 ₫,0,1,1,3.5,13,1,1
916,120.000 ₫,-26%,8,47,4.5,1126,1,4.9
917,25.000 ₫,-50%,1,18,4.3,52,2,4
918,390.000 ₫,0,18,50,4.8,172,1,5
919,69.000 ₫,-42%,3,9,4.4,36,1,3.7
920,59.000 ₫,0,1,1,3.7,50,1,5
921,260.000 ₫,0,3,12,4.7,25,1,0
922,159.000 ₫,0,2,8,4.4,91,1,5
923,25.000 ₫,0,1,6,4.9,76,0,5
924,28.500 ₫,-5%,1,1,5.0,169,1,5
925,216.000 ₫,0,1,5,4.2,262,2,5
926,57.000 ₫,-3%,1,12,4.5,172,2,5
927,36.000 ₫,0,3,26,4.7,7,0,5
928,495.000 ₫,0,1,2,4.2,11,1,4
929,16.920 ₫,-6%,2,14,5.0,143,0,5
930,475.000 ₫,0,1,5,4.8,4,1,5
931,42.780 ₫,0,2,20,4.5,1126,0,5
932,69.000 ₫,0,7,86,4.4,120,1,3.7
933,425.000 ₫,-13%,2,11,4.6,256,1,4.5
934,519.500 ₫,0,1,4,4.5,330,1,4
935,150.000 ₫,0,32,214,4.5,1740,3,4.6
936,109.000 ₫,0,7,49,4.7,1945,1,4.7
937,30.000 ₫,0,9,56,4.5,1740,2,0
938,16.893 ₫,0,0,0,4.2,2867,1,0
939,13.299 ₫,0,3,58,4.2,2867,1,4
940,177.500 ₫,0,2,63,4.4,2764,4,5
941,69.000 ₫,-42%,1,30,5.0,26,2,5
942,6.160 ₫,-12%,2,219,4.8,78,0,5
943,456.665 ₫,-45%,1,5,4.7,88,3,5
944,30.799 ₫,0,2,13,4.6,629,6,5
945,169.000 ₫,0,45,227,4.7,1945,1,4.3
946,86.000 ₫,0,0,0,3.8,198,1,0
947,37.997 ₫,0,0,4,4.2,2867,1,0
948,38.699 ₫,0,1,22,4.1,165,0,5
949,156.600 ₫,-30%,0,6,4.6,26,2,0
950,206.000 ₫,-8%,1,17,4.7,429,1,5
951,59.000 ₫,0,2,16,4.7,1945,1,4.5
952,225.000 ₫,-20%,0,0,4.6,256,1,0
953,6.500 ₫,-35%,9,393,4.7,110,2,4.7
954,128.000 ₫,0,1,3,4.7,339,2,5
955,1.250.000 ₫,0,27,133,4.7,416,2,4.5
956,325.000 ₫,0,1,5,4.8,172,1,5
957,109.000 ₫,-50%,0,2,4.7,645,4,0
958,23.000 ₫,0,11,60,4.7,1945,0,5
959,82.500 ₫,0,3,13,4.4,1740,4,3.3
960,33.500 ₫,0,3,26,4.6,1638,3,5
961,33.500 ₫,0,8,30,4.6,879,3,4.6
962,38.500 ₫,0,4,64,4.5,586,0,3.3
963,66.800 ₫,0,55,287,4.5,1126,1,4.4
964,13.500 ₫,0,1,63,4.2,1331,3,5
965,71.250 ₫,-5%,1,24,4.8,206,2,5
966,26.000 ₫,0,8,36,4.2,512,3,3.4
